,Unnamed: 0,Postleitzahl,Anzahl,PLZ4,%_IN_GDE,KTKZ,GDENR,GDENAMK
0,0,6340.0,97,6340.0,0.77,ZH,4.0,Hausen am Albis
1,2,6300.0,53,6300.0,0.49,ZG,1701.0,Baar
2,3,9015.0,51,9015.0,5.65,SG,3203.0,St. Gallen
3,4,6010.0,49,6010.0,83.38,LU,1059.0,Kriens
4,5,4900.0,42,4900.0,98.04,BE,329.0,Langenthal
5,6,1219.0,41,1219.0,51.74,GE,6643.0,Vernier
6,7,1290.0,40,1290.0,100.0,VD,5708.0,Chavannes-des-Bois
7,8,8952.0,38,8952.0,0.68,ZH,243.0,Dietikon
8,9,9000.0,38,9000.0,46.21,SG,3203.0,St. Gallen
9,10,3600.0,34,3600.0,0.17,BE,929.0,Hilterfingen
10,11,5745.0,34,5745.0,100.0,AG,4283.0,Safenwil
11,12,8134.0,34,8134.0,100.0,ZH,131.0,Adliswil
12,13,8953.0,33,8953.0,99.32,ZH,243.0,Dietikon
13,14,9500.0,31,9500.0,1.07,SG,3392.0,Kirchberg (SG)
14,15,8610.0,31,8610.0,78.4,ZH,198.0,Uster
15,16,1215.0,31,1215.0,2.38,GE,6623.0,Le Grand-Saconnex
16,17,6467.0,29,6467.0,91.12,UR,1213.0,Schattdorf
17,18,1920.0,28,1920.0,95.44,VS,6136.0,Martigny
18,19,7500.0,28,7500.0,1.04,GR,3782.0,Celerina/Schlarigna
19,20,7304.0,27,7304.0,1.26,GR,3951.0,Fläsch
20,21,2504.0,27,2504.0,29.47,BE,371.0,Biel/Bienne
21,22,4665.0,26,4665.0,0.19,AG,4271.0,Aarburg
22,23,7000.0,25,7000.0,100.0,GR,3901.0,Chur
23,24,4147.0,25,4147.0,99.83,BL,2761.0,Aesch (BL)
24,25,8957.0,25,8957.0,99.52,AG,4040.0,Spreitenbach
25,26,1227.0,24,1227.0,99.88,GE,6608.0,Carouge (GE)
26,27,1470.0,24,1470.0,99.7,FR,2025.0,Lully (FR)
27,28,6370.0,24,6370.0,62.44,NW,1508.0,Oberdorf (NW)
28,29,4133.0,23,4133.0,3.63,BL,2770.0,Muttenz
29,30,4600.0,23,4600.0,0.07,SO,2500.0,Trimbach
30,31,8200.0,21,8200.0,1.04,SH,2937.0,Neuhausen am Rheinfall
31,32,1530.0,21,1530.0,93.43,VD,5822.0,Payerne
32,33,3072.0,21,3072.0,0.06,BE,351.0,Bern
33,34,7504.0,21,7504.0,1.5,GR,3782.0,Celerina/Schlarigna
34,35,8500.0,21,8500.0,0.35,ZH,220.0,Hagenbuch
35,36,9200.0,21,9200.0,0.48,SG,3402.0,Flawil
36,37,3800.0,21,3800.0,9.01,BE,571.0,Beatenberg
37,38,3250.0,20,3250.0,0.11,BE,301.0,Aarberg
38,39,8910.0,20,8910.0,85.66,ZH,2.0,Affoltern am Albis
39,40,6006.0,20,6006.0,0.05,LU,1054.0,Ebikon
40,41,8404.0,20,8404.0,17.4,ZH,230.0,Winterthur
41,42,6023.0,20,6023.0,0.03,LU,1024.0,Emmen
42,43,3421.0,20,3421.0,100.0,BE,415.0,Lyssach
43,44,3012.0,19,3012.0,9.97,BE,351.0,Bern
44,45,9470.0,19,9470.0,99.88,SG,3271.0,Buchs (SG)
45,46,1030.0,19,1030.0,100.0,VD,5624.0,Bussigny
46,47,3715.0,19,3715.0,99.78,BE,561.0,Adelboden
47,48,9016.0,19,9016.0,10.18,SG,3203.0,St. Gallen
48,49,8400.0,19,8400.0,38.24,ZH,230.0,Winterthur
49,50,1950.0,19,1950.0,0.83,VS,6263.0,Grimisuat
50,51,8604.0,19,8604.0,84.11,ZH,199.0,Volketswil
51,52,1213.0,18,1213.0,0.14,GE,6621.0,Genève
52,53,1630.0,18,1630.0,73.16,FR,2125.0,Bulle
53,54,8867.0,18,8867.0,17.62,GL,1630.0,Glarus Nord
54,55,4622.0,18,4622.0,100.0,SO,2401.0,Egerkingen
55,56,5618.0,18,5618.0,0.45,AG,4076.0,Sarmenstorf
56,57,8280.0,17,8280.0,0.13,TG,4643.0,Bottighofen
57,58,1700.0,17,1700.0,94.67,FR,2196.0,Fribourg
58,59,3014.0,17,3014.0,9.49,BE,351.0,Bern
59,60,8207.0,17,8207.0,12.03,SH,2939.0,Schaffhausen
60,61,6815.0,16,6815.0,100.0,TI,5198.0,Melide
61,62,3113.0,16,3113.0,98.75,BE,623.0,Rubigen
62,63,8472.0,16,8472.0,100.0,ZH,227.0,Seuzach
63,64,1723.0,16,1723.0,99.93,FR,2206.0,Marly
64,65,7270.0,15,7270.0,37.16,GR,3851.0,Davos
65,66,6330.0,15,6330.0,77.51,ZG,1702.0,Cham
66,67,7323.0,15,7323.0,54.38,SG,3297.0,Vilters-Wangs
67,68,4528.0,15,4528.0,1.3,SO,2513.0,Biberist
68,69,8310.0,15,8310.0,26.41,ZH,176.0,Lindau
69,70,7260.0,15,7260.0,28.5,GR,3851.0,Davos
70,71,8570.0,15,8570.0,1.96,TG,4891.0,Berg (TG)
71,72,3018.0,14,3018.0,11.61,BE,351.0,Bern
72,73,7550.0,14,7550.0,32.87,GR,3762.0,Scuol
73,74,8184.0,14,8184.0,100.0,ZH,51.0,Bachenbülach
74,75,5242.0,14,5242.0,100.0,AG,4092.0,Birr
75,76,6776.0,14,6776.0,37.19,TI,5079.0,Quinto
76,77,9630.0,14,9630.0,1.19,SG,3378.0,Neckertal
77,78,8887.0,14,8887.0,57.85,SG,3293.0,Mels
78,79,4566.0,14,4566.0,100.0,SO,2520.0,Halten
79,80,8274.0,14,8274.0,100.0,TG,4651.0,Gottlieben
80,81,8620.0,14,8620.0,67.37,ZH,121.0,Wetzikon (ZH)
81,82,1201.0,13,1201.0,13.8,GE,6621.0,Genève
82,83,6033.0,13,6033.0,89.76,LU,1052.0,Buchrain
83,84,6210.0,13,6210.0,36.8,LU,1091.0,Mauensee
84,85,3110.0,13,3110.0,89.94,BE,616.0,Münsingen
85,86,4954.0,13,4954.0,0.12,BE,957.0,Sumiswald
86,87,3792.0,13,3792.0,21.63,BE,843.0,Saanen
87,88,8212.0,13,8212.0,8.33,ZH,34.0,Laufen-Uhwiesen
88,89,6005.0,13,6005.0,13.34,LU,1058.0,Horw
89,90,5630.0,13,5630.0,0.88,AG,4222.0,Aristau
90,91,3063.0,13,3063.0,0.02,BE,351.0,Bern
91,92,4702.0,13,4702.0,99.6,SO,2407.0,Oensingen
92,93,4053.0,13,4053.0,9.42,BS,2701.0,Basel
93,94,5000.0,13,5000.0,81.01,AG,4001.0,Aarau
94,95,8330.0,13,8330.0,89.57,ZH,177.0,Pfäffikon
95,96,8048.0,12,8048.0,5.92,ZH,261.0,Zürich
96,97,4322.0,12,4322.0,100.0,AG,4255.0,Mumpf
97,98,9424.0,12,9424.0,99.64,SG,3235.0,Rheineck
98,99,4502.0,12,,,,,
99,100,6280.0,12,6280.0,91.83,LU,1031.0,Hochdorf
100,101,6500.0,12,6500.0,23.64,TI,5002.0,Bellinzona
101,102,8912.0,12,8912.0,100.0,ZH,10.0,Obfelden
102,103,4142.0,12,4142.0,98.68,BL,2769.0,Münchenstein
103,104,3001.0,12,,,,,
104,105,4500.0,12,4500.0,4.95,SO,2513.0,Biberist
105,106,4617.0,12,4617.0,98.72,SO,2578.0,Gunzgen
106,107,6018.0,12,6018.0,99.75,LU,1083.0,Buttisholz
107,108,4132.0,12,4132.0,89.61,BL,2770.0,Muttenz
108,109,8050.0,11,8050.0,7.02,ZH,261.0,Zürich
109,110,3280.0,11,3280.0,10.48,FR,2250.0,Courgevaux
110,111,2540.0,11,2540.0,100.0,SO,2546.0,Grenchen
111,112,8750.0,10,8750.0,0.18,SZ,1367.0,Muotathal
112,113,6430.0,10,6430.0,0.32,SZ,1361.0,Alpthal
113,114,9230.0,10,9230.0,0.61,SG,3401.0,Degersheim
114,115,3900.0,10,3900.0,47.77,VS,6002.0,Brig-Glis
115,116,9001.0,10,,,,,
116,117,4058.0,10,4058.0,15.84,BS,2701.0,Basel
117,118,4456.0,10,4456.0,98.96,BL,2863.0,Tenniken
118,119,1183.0,10,1183.0,95.52,VD,5853.0,Bursins
119,120,1212.0,10,1212.0,0.12,GE,6608.0,Carouge (GE)
120,121,3015.0,10,3015.0,0.3,BE,351.0,Bern
121,122,1226.0,10,1226.0,100.0,GE,6640.0,Thônex
122,123,8600.0,10,8600.0,0.2,ZH,54.0,Dietlikon
123,124,6648.0,10,6648.0,78.21,TI,5118.0,Minusio
124,125,9400.0,10,9400.0,0.12,SG,3213.0,Goldach
125,126,3013.0,10,3013.0,6.57,BE,351.0,Bern
126,127,2525.0,10,2525.0,2.56,BE,494.0,Gals
127,128,2900.0,10,2900.0,100.0,JU,6800.0,Porrentruy
128,129,3860.0,10,3860.0,91.72,BE,785.0,Meiringen
129,130,6850.0,10,6850.0,0.98,TI,5249.0,Castel San Pietro
130,131,5600.0,10,5600.0,100.0,AG,4191.0,Ammerswil
131,132,3006.0,10,3006.0,17.41,BE,351.0,Bern
132,133,1957.0,10,1957.0,100.0,VS,6021.0,Ardon
133,134,8340.0,10,8340.0,0.4,ZH,111.0,Bäretswil
134,135,4052.0,10,4052.0,11.22,BS,2701.0,Basel
135,136,8718.0,10,8718.0,69.02,SG,3315.0,Schänis
136,137,8700.0,9,8700.0,90.54,ZH,154.0,Küsnacht (ZH)
137,138,9320.0,9,9320.0,100.0,TG,4401.0,Arbon
138,139,9487.0,9,,,,,
139,140,2555.0,9,2555.0,98.89,BE,733.0,Brügg
140,141,4543.0,9,4543.0,98.94,SO,2516.0,Deitingen
141,142,6204.0,9,6204.0,1.55,LU,1093.0,Neuenkirch
142,143,3645.0,9,3645.0,6.85,BE,768.0,Spiez
143,144,8005.0,9,8005.0,2.86,ZH,261.0,Zürich
144,145,8305.0,9,8305.0,99.8,ZH,54.0,Dietlikon
145,146,6030.0,9,6030.0,0.15,LU,1051.0,Adligenswil
146,147,6214.0,9,6214.0,0.45,LU,1084.0,Eich
147,148,2542.0,9,2542.0,100.0,BE,392.0,Pieterlen
148,149,6312.0,9,6312.0,0.03,ZG,1701.0,Baar
149,150,8754.0,9,8754.0,0.02,GL,1630.0,Glarus Nord
150,151,6343.0,9,6343.0,100.0,ZG,1707.0,Risch
151,152,8152.0,8,8152.0,0.08,ZH,62.0,Kloten
152,153,6375.0,8,6375.0,97.51,NW,1501.0,Beckenried
153,154,6205.0,8,6205.0,99.55,LU,1084.0,Eich
154,155,72.0,8,,,,,
155,156,1218.0,8,1218.0,0.01,GE,6621.0,Genève
156,157,6814.0,8,6814.0,100.0,TI,5162.0,Cadempino
157,158,1680.0,8,1680.0,26.99,FR,2087.0,Mézières (FR)
158,159,9014.0,8,9014.0,0.58,AR,3005.0,Stein (AR)
159,160,9300.0,8,9300.0,0.04,SG,3203.0,St. Gallen
160,161,3780.0,8,3780.0,40.78,BE,843.0,Saanen
161,162,2000.0,8,2000.0,0.05,NE,6416.0,Milvignes
162,163,1663.0,8,1663.0,96.31,FR,2135.0,Gruyères
163,164,6032.0,8,6032.0,26.5,LU,1024.0,Emmen
164,165,3123.0,8,3123.0,92.3,BE,861.0,Belp
165,166,7430.0,8,7430.0,82.38,GR,3668.0,Thusis
166,167,8712.0,8,8712.0,74.77,ZH,158.0,Stäfa
167,168,1752.0,8,1752.0,100.0,FR,2228.0,Villars-sur-Glâne
168,169,3940.0,8,3940.0,0.66,VS,6198.0,Niedergesteln
169,170,6513.0,8,6513.0,8.03,TI,5002.0,Bellinzona
170,171,8800.0,8,8800.0,87.8,ZH,141.0,Thalwil
171,172,1252.0,8,1252.0,100.0,GE,6629.0,Meinier
172,173,94.0,8,,,,,
173,174,4123.0,8,4123.0,100.0,BL,2762.0,Allschwil
174,175,76.0,8,,,,,
175,176,7302.0,8,7302.0,0.91,GR,3947.0,Zizers
176,177,3053.0,8,3053.0,19.87,BE,310.0,Rapperswil (BE)
177,178,90.0,8,,,,,
178,179,7320.0,8,7320.0,99.72,SG,3296.0,Sargans
179,180,7075.0,8,7075.0,39.39,GR,3911.0,Churwalden
180,181,3700.0,8,3700.0,60.85,BE,768.0,Spiez
181,182,9450.0,8,9450.0,0.09,AR,3022.0,Gais
182,183,6020.0,8,6020.0,72.91,LU,1024.0,Emmen
183,184,1728.0,8,1728.0,18.37,FR,2236.0,Gibloux
184,185,8645.0,8,8645.0,67.43,SG,3340.0,Rapperswil-Jona
185,186,7188.0,8,7188.0,52.67,GR,3986.0,Tujetsch
186,187,1242.0,8,1242.0,92.75,GE,6638.0,Satigny
187,188,1020.0,7,1020.0,99.94,VD,5591.0,Renens (VD)
188,189,8304.0,7,8304.0,100.0,ZH,69.0,Wallisellen
189,190,3770.0,7,3770.0,0.77,BE,791.0,Boltigen
190,191,7513.0,7,7513.0,79.38,GR,3790.0,Silvaplana
191,192,8630.0,7,8630.0,99.85,ZH,118.0,Rüti (ZH)
192,193,71.0,7,,,,,
193,194,1205.0,7,1205.0,16.08,GE,6621.0,Genève
194,195,9495.0,7,,,,,
195,196,6130.0,7,6130.0,1.18,LU,1132.0,Hergiswil bei Willisau
196,197,1091.0,7,1091.0,0.68,VD,5604.0,Forel (Lavaux)
197,198,2016.0,7,2016.0,99.8,NE,6408.0,Cortaillod
198,199,4153.0,7,4153.0,0.14,BL,2761.0,Aesch (BL)
199,200,6060.0,7,6060.0,52.04,OW,1407.0,Sarnen
200,201,6015.0,7,6015.0,8.6,LU,1061.0,Luzern
201,202,1260.0,7,1260.0,100.0,VD,5724.0,Nyon
202,203,9403.0,7,9403.0,99.83,SG,3213.0,Goldach
203,204,5610.0,7,5610.0,0.54,AG,4080.0,Villmergen
204,205,5200.0,7,5200.0,84.3,AG,4095.0,Brugg
205,206,3302.0,7,3302.0,95.49,BE,544.0,Moosseedorf
206,207,7746.0,7,7746.0,9.19,GR,3561.0,Poschiavo
207,208,8180.0,7,8180.0,100.0,ZH,53.0,Bülach
208,209,7240.0,7,7240.0,100.0,GR,3882.0,Küblis
209,210,7250.0,7,7250.0,61.6,GR,3871.0,Klosters-Serneus
210,211,6454.0,7,6454.0,99.38,UR,1207.0,Flüelen
211,212,1372.0,7,1372.0,5.88,VD,5493.0,Orny
212,213,60100.0,7,,,,,
213,214,8636.0,7,8636.0,0.12,ZH,113.0,Dürnten
214,215,2015.0,7,2015.0,13.45,NE,6404.0,Boudry
215,216,1400.0,7,1400.0,100.0,VD,5909.0,Cheseaux-Noréaz
216,217,6208.0,7,6208.0,89.33,LU,1095.0,Oberkirch
217,218,3930.0,7,3930.0,0.17,VS,6199.0,Raron
218,219,1820.0,7,1820.0,29.5,VD,5886.0,Montreux
219,220,4056.0,7,4056.0,10.01,BS,2701.0,Basel
220,221,6417.0,7,6417.0,98.93,SZ,1371.0,Sattel
221,222,6438.0,7,6438.0,25.17,SZ,1372.0,Schwyz
222,223,8240.0,7,8240.0,77.49,SH,2920.0,Thayngen
223,224,4127.0,6,4127.0,100.0,BL,2766.0,Birsfelden
224,225,3066.0,6,3066.0,4.02,BE,352.0,Bolligen
225,226,3400.0,6,3400.0,94.46,BE,404.0,Burgdorf
226,227,8783.0,6,8783.0,10.95,GL,1631.0,Glarus Süd
227,228,59.0,6,,,,,
228,229,9642.0,6,9642.0,97.91,SG,3352.0,Ebnat-Kappel
229,230,8932.0,6,8932.0,100.0,ZH,9.0,Mettmenstetten
230,231,5703.0,6,5703.0,0.21,AG,4195.0,Egliswil
231,232,1762.0,6,1762.0,100.0,FR,2197.0,Givisiez
232,233,7031.0,6,7031.0,71.07,GR,3575.0,Laax
233,234,3322.0,6,3322.0,100.0,BE,543.0,Mattstetten
234,235,7524.0,6,7524.0,100.0,GR,3791.0,Zuoz
235,236,8447.0,6,8447.0,100.0,ZH,25.0,Dachsen
236,237,9404.0,6,9404.0,99.02,SG,3216.0,Rorschacherberg
237,238,8955.0,6,8955.0,100.0,ZH,246.0,Oetwil an der Limmat
238,239,8853.0,6,8853.0,0.25,SZ,1342.0,Galgenen
239,240,3010.0,6,3010.0,0.15,BE,351.0,Bern
240,241,1110.0,6,1110.0,100.0,VD,5642.0,Morges
241,242,6034.0,6,6034.0,3.55,LU,1023.0,Ballwil
242,243,8762.0,6,8762.0,23.43,GL,1631.0,Glarus Süd
243,244,44.0,6,,,,,
244,245,8834.0,6,8834.0,66.24,SZ,1321.0,Feusisberg
245,246,7514.0,6,7514.0,75.82,GR,3789.0,Sils im Engadin/Segl
246,247,4144.0,6,4144.0,100.0,BL,2763.0,Arlesheim
247,248,6288.0,6,6288.0,0.06,LU,1030.0,Hitzkirch
248,249,6004.0,6,6004.0,0.05,LU,1054.0,Ebikon
249,250,6802.0,6,6802.0,35.51,TI,5238.0,Monteceneri
250,251,6828.0,6,6828.0,99.88,TI,5242.0,Balerna
251,252,3011.0,6,3011.0,8.24,BE,351.0,Bern
252,253,8105.0,6,8105.0,81.64,ZH,96.0,Regensdorf
253,254,8166.0,6,8166.0,100.0,ZH,91.0,Niederweningen
254,255,6048.0,6,6048.0,69.13,LU,1058.0,Horw
255,256,8355.0,6,8355.0,1.27,ZH,294.0,Elgg
256,257,3186.0,6,3186.0,98.9,FR,2293.0,Düdingen
257,258,4552.0,6,4552.0,100.0,SO,2517.0,Derendingen
258,259,3775.0,6,3775.0,99.96,BE,792.0,Lenk
259,260,1763.0,6,1763.0,100.0,FR,2198.0,Granges-Paccot
260,261,8023.0,6,,,,,
261,262,1806.0,6,1806.0,100.0,VD,5888.0,Saint-Légier-La Chiésaz
262,263,1644.0,6,1644.0,36.46,FR,2122.0,Pont-en-Ogoz
263,264,1233.0,6,1233.0,99.49,GE,6607.0,Bernex
264,265,4102.0,6,4102.0,99.23,BL,2765.0,Binningen
265,266,2560.0,6,2560.0,100.0,BE,743.0,Nidau
266,267,2114.0,6,2114.0,25.29,NE,6512.0,Val-de-Travers
267,268,9422.0,6,9422.0,0.68,SG,3216.0,Rorschacherberg
268,269,8840.0,6,8840.0,55.22,SZ,1301.0,Einsiedeln
269,270,8047.0,5,8047.0,4.03,ZH,261.0,Zürich
270,271,5612.0,5,5612.0,82.7,AG,4080.0,Villmergen
271,272,6612.0,5,6612.0,99.94,TI,5091.0,Ascona
272,273,4104.0,5,4104.0,100.0,BL,2771.0,Oberwil (BL)
273,274,2503.0,5,2503.0,30.4,BE,371.0,Biel/Bienne
274,275,6002.0,5,,,,,
275,276,6207.0,5,6207.0,0.42,LU,1093.0,Neuenkirch
276,277,5742.0,5,5742.0,99.7,AG,4276.0,Kölliken
277,278,5033.0,5,5033.0,100.0,AG,4003.0,Buchs (AG)
278,279,1964.0,5,1964.0,47.19,VS,6023.0,Conthey
279,280,8716.0,5,8716.0,98.09,SG,3338.0,Schmerikon
280,281,1844.0,5,1844.0,100.0,VD,5414.0,Villeneuve (VD)
281,282,3176.0,5,3176.0,77.44,BE,670.0,Neuenegg
282,283,5507.0,5,5507.0,100.0,AG,4033.0,Mellingen
283,284,3613.0,5,3613.0,11.31,BE,928.0,Heimberg
284,285,2552.0,5,2552.0,0.37,BE,733.0,Brügg
285,286,3210.0,5,3210.0,3.49,BE,665.0,Gurbrü
286,287,3555.0,5,3555.0,0.22,BE,902.0,Langnau im Emmental
287,288,4852.0,5,4852.0,98.88,AG,4282.0,Rothrist
288,289,3225.0,5,3225.0,100.0,BE,498.0,Müntschemier
289,290,1730.0,5,1730.0,44.83,FR,2233.0,Hauterive (FR)
290,291,3627.0,5,3627.0,88.55,BE,928.0,Heimberg
291,292,6234.0,5,6234.0,74.49,LU,1104.0,Triengen
292,293,8704.0,5,8704.0,99.9,ZH,152.0,Herrliberg
293,294,8890.0,5,8890.0,43.22,SG,3292.0,Flums
294,295,8767.0,5,8767.0,12.26,GL,1631.0,Glarus Süd
295,296,2072.0,5,2072.0,2.6,NE,6451.0,Cornaux
296,297,2300.0,5,2300.0,97.68,NE,6421.0,La Chaux-de-Fonds
297,298,7503.0,5,7503.0,99.27,GR,3786.0,Samedan
298,299,6373.0,5,6373.0,93.55,NW,1505.0,Ennetbürgen
299,300,1202.0,5,1202.0,13.72,GE,6621.0,Genève
300,301,8306.0,5,8306.0,49.8,ZH,200.0,Wangen-Brüttisellen
301,302,4051.0,5,4051.0,9.05,BS,2701.0,Basel
302,303,3048.0,5,3048.0,0.48,BE,351.0,Bern
303,304,3084.0,5,3084.0,0.27,BE,351.0,Bern
304,305,1024.0,5,1024.0,96.42,VD,5635.0,Ecublens (VD)
305,306,3855.0,5,3855.0,99.8,BE,573.0,Brienz (BE)
306,307,8702.0,5,8702.0,68.36,ZH,161.0,Zollikon
307,308,6003.0,5,6003.0,16.5,LU,1061.0,Luzern
308,309,2502.0,5,2502.0,37.27,BE,371.0,Biel/Bienne
309,310,6436.0,5,6436.0,0.18,UR,1205.0,Bürglen (UR)
310,311,3552.0,5,3552.0,15.82,BE,902.0,Langnau im Emmental
311,312,6390.0,5,6390.0,2.19,UR,1203.0,Attinghausen
312,313,9050.0,5,9050.0,99.38,AI,3101.0,Appenzell
313,314,3608.0,5,3608.0,9.03,BE,942.0,Thun
314,315,6900.0,5,6900.0,19.51,TI,5192.0,Lugano
315,316,3454.0,5,3454.0,1.47,BE,955.0,Lützelflüh
316,317,9100.0,5,9100.0,96.56,AR,3001.0,Herisau
317,318,1796.0,5,1796.0,89.52,FR,2250.0,Courgevaux
318,319,7205.0,5,7205.0,99.09,GR,3947.0,Zizers
319,320,8302.0,5,8302.0,99.62,ZH,62.0,Kloten
320,321,2017.0,5,2017.0,84.46,NE,6404.0,Boudry
321,322,4242.0,5,4242.0,2.39,BL,2782.0,Brislach
322,323,8730.0,5,8730.0,0.38,SZ,1347.0,Tuggen
323,324,3612.0,4,3612.0,0.43,BE,925.0,Fahrni
324,325,6243.0,4,6243.0,98.38,LU,1127.0,Egolzwil
325,326,1716.0,4,1716.0,0.95,FR,2138.0,Jaun
326,327,3294.0,4,3294.0,100.0,BE,383.0,Büren an der Aare
327,328,8833.0,4,8833.0,25.24,ZH,138.0,Richterswil
328,329,9325.0,4,9325.0,53.82,TG,4431.0,Roggwil (TG)
329,330,4105.0,4,4105.0,100.0,BL,2764.0,Biel-Benken
330,331,53.0,4,,,,,
331,332,2108.0,4,2108.0,6.33,VD,5566.0,Provence
332,333,1008.0,4,1008.0,100.0,VD,5585.0,Jouxtens-Mézery
333,334,5034.0,4,5034.0,99.85,AG,4012.0,Suhr
334,335,8856.0,4,8856.0,94.47,SZ,1347.0,Tuggen
335,336,1217.0,4,1217.0,81.92,GE,6630.0,Meyrin
336,337,5616.0,4,5616.0,81.02,AG,4202.0,Meisterschwanden
337,338,5070.0,4,5070.0,100.0,AG,4163.0,Frick
338,339,4612.0,4,4612.0,0.06,SO,2581.0,Olten
339,340,8903.0,4,8903.0,99.94,ZH,242.0,Birmensdorf (ZH)
340,341,8157.0,4,8157.0,100.0,ZH,86.0,Dielsdorf
341,342,4562.0,4,4562.0,93.66,SO,2513.0,Biberist
342,343,2103.0,4,2103.0,0.19,NE,6413.0,Rochefort
343,344,4512.0,4,4512.0,99.12,SO,2542.0,Bellach
344,345,7310.0,4,7310.0,97.74,SG,3291.0,Bad Ragaz
345,346,1895.0,4,1895.0,63.28,VS,6158.0,Vionnaz
346,347,8951.0,4,8951.0,12.8,ZH,244.0,Geroldswil
347,348,4937.0,4,4937.0,91.21,BE,344.0,Ursenbach
348,349,7742.0,4,7742.0,52.08,GR,3561.0,Poschiavo
349,350,5647.0,4,5647.0,100.0,AG,4237.0,Oberrüti
350,351,8898.0,4,8898.0,6.91,SG,3292.0,Flums
351,352,3422.0,4,3422.0,0.15,BE,405.0,Ersigen
352,353,1285.0,4,1285.0,99.3,GE,6604.0,Avusy
353,354,6710.0,4,6710.0,99.9,TI,5281.0,Biasca
354,355,5606.0,4,5606.0,100.0,AG,4194.0,Dintikon
355,356,3983.0,4,3983.0,100.0,VS,6172.0,Bister
356,357,7204.0,4,7204.0,100.0,GR,3946.0,Untervaz
357,358,7231.0,4,7231.0,45.01,GR,3863.0,Jenaz
358,359,8406.0,4,8406.0,11.54,ZH,230.0,Winterthur
359,360,8906.0,4,8906.0,100.0,ZH,3.0,Bonstetten
360,361,1196.0,4,1196.0,100.0,VD,5721.0,Gland
361,362,8370.0,4,8370.0,0.37,TG,4724.0,Eschlikon
362,363,5036.0,4,5036.0,100.0,AG,4010.0,Oberentfelden
363,364,8880.0,4,8880.0,61.43,SG,3298.0,Walenstadt
364,365,7078.0,4,7078.0,52.55,GR,3506.0,Vaz/Obervaz
365,366,9323.0,4,9323.0,99.87,SG,3217.0,Steinach
366,367,8165.0,4,8165.0,98.58,ZH,93.0,Oberweningen
367,368,9326.0,4,9326.0,0.28,SG,3218.0,Tübach
368,369,8752.0,4,8752.0,24.4,GL,1630.0,Glarus Nord
369,370,6600.0,4,6600.0,65.42,TI,5113.0,Locarno
370,371,3303.0,4,3303.0,98.37,BE,540.0,Jegenstorf
371,372,2513.0,4,2513.0,6.64,BE,740.0,Ligerz
372,373,7505.0,4,7505.0,97.46,GR,3782.0,Celerina/Schlarigna
373,374,8001.0,4,8001.0,4.24,ZH,261.0,Zürich
374,375,9042.0,4,9042.0,79.42,AR,3023.0,Speicher
375,376,9443.0,4,9443.0,5.41,SG,3234.0,Diepoldsau
376,377,3097.0,4,3097.0,0.03,BE,351.0,Bern
377,378,5012.0,4,5012.0,100.0,SO,2574.0,Eppenberg-Wöschnau
378,379,3314.0,4,3314.0,1.71,BE,533.0,Bätterkinden
379,380,9245.0,4,9245.0,0.71,SG,3423.0,Niederhelfenschwil
380,381,3672.0,4,3672.0,0.24,BE,614.0,Linden
381,382,6912.0,4,6912.0,2.62,TI,5192.0,Lugano
382,383,3510.0,4,3510.0,100.0,BE,607.0,Freimettigen
383,384,8640.0,4,8640.0,3.91,SZ,1322.0,Freienbach
384,385,9435.0,4,9435.0,33.47,SG,3231.0,Au (SG)
385,386,9220.0,4,9220.0,5.12,SG,3202.0,Muolen
386,387,8907.0,4,8907.0,100.0,ZH,14.0,Wettswil am Albis
387,388,8108.0,4,8108.0,100.0,ZH,84.0,Dällikon
388,389,3008.0,4,3008.0,7.35,BE,351.0,Bern
389,390,6517.0,4,6517.0,71.57,TI,5001.0,Arbedo-Castione
390,391,6593.0,4,6593.0,86.55,TI,5003.0,Cadenazzo
391,392,8882.0,4,8882.0,18.13,SG,3295.0,Quarten
392,393,1214.0,4,1214.0,1.58,GE,6630.0,Meyrin
393,394,2035.0,4,2035.0,61.89,NE,6407.0,Corcelles-Cormondrèche
394,395,4513.0,4,4513.0,99.89,SO,2550.0,Langendorf
395,396,65.0,4,,,,,
396,397,8201.0,4,,,,,
397,398,1634.0,4,1634.0,0.76,FR,2137.0,Hauteville
398,399,6915.0,4,6915.0,1.94,TI,5192.0,Lugano
399,400,8193.0,4,8193.0,99.92,ZH,55.0,Eglisau
400,401,1023.0,4,1023.0,99.77,VD,5583.0,Crissier
401,402,6374.0,4,6374.0,100.0,NW,1502.0,Buochs
402,403,1860.0,4,1860.0,99.94,VD,5401.0,Aigle
403,404,7180.0,4,7180.0,61.92,GR,3982.0,Disentis/Mustér
404,405,1800.0,4,1800.0,100.0,VD,5890.0,Vevey
405,406,8038.0,4,8038.0,4.46,ZH,261.0,Zürich
406,407,6424.0,4,6424.0,100.0,SZ,1365.0,Lauerz
407,408,7436.0,4,7436.0,10.62,GR,3714.0,Rheinwald
408,409,6221.0,4,6221.0,2.18,LU,1081.0,Beromünster
409,410,1545.0,4,1545.0,100.0,VD,5813.0,Chevroux
410,411,1279.0,4,1279.0,100.0,VD,5705.0,Bogis-Bossey
411,412,1052.0,4,1052.0,0.04,VD,5586.0,Lausanne
412,413,8820.0,4,8820.0,62.3,ZH,293.0,Wädenswil
413,414,4059.0,4,4059.0,8.16,BS,2701.0,Basel
414,415,5504.0,4,5504.0,99.45,AG,4205.0,Othmarsingen
415,416,1293.0,4,1293.0,99.6,GE,6606.0,Bellevue
416,417,3007.0,4,3007.0,10.89,BE,351.0,Bern
417,418,8808.0,4,8808.0,40.61,SZ,1322.0,Freienbach
418,419,6440.0,3,6440.0,99.54,SZ,1364.0,Ingenbohl
419,420,5443.0,3,5443.0,100.0,AG,4035.0,Niederrohrdorf
420,421,5615.0,3,5615.0,100.0,AG,4196.0,Fahrwangen
421,422,5614.0,3,5614.0,99.55,AG,4076.0,Sarmenstorf
422,423,3714.0,3,3714.0,72.85,BE,563.0,Frutigen
423,424,8706.0,3,8706.0,100.0,ZH,156.0,Meilen
424,425,9113.0,3,9113.0,1.06,AR,3004.0,Schwellbrunn
425,426,6074.0,3,6074.0,100.0,OW,1403.0,Giswil
426,427,4410.0,3,4410.0,0.51,BL,2823.0,Bubendorf
427,428,6072.0,3,6072.0,74.87,OW,1406.0,Sachseln
428,429,7552.0,3,7552.0,1.68,GR,3762.0,Scuol
429,430,6987.0,3,6987.0,100.0,TI,5171.0,Caslano
430,431,7450.0,3,7450.0,0.61,GR,3506.0,Vaz/Obervaz
431,432,9542.0,3,9542.0,72.24,TG,4746.0,Münchwilen (TG)
432,433,1724.0,3,1724.0,100.0,FR,2194.0,Ferpicloz
433,434,6460.0,3,6460.0,100.0,UR,1201.0,Altdorf (UR)
434,435,4415.0,3,4415.0,99.95,BL,2828.0,Lausen
435,436,5734.0,3,5734.0,100.0,AG,4141.0,Reinach (AG)
436,437,1955.0,3,1955.0,70.4,VS,6022.0,Chamoson
437,438,4614.0,3,4614.0,0.85,SO,2578.0,Gunzgen
438,439,9434.0,3,9434.0,66.53,SG,3231.0,Au (SG)
439,440,6038.0,3,6038.0,3.83,LU,1033.0,Inwil
440,441,6423.0,3,6423.0,0.46,SZ,1364.0,Ingenbohl
441,442,9008.0,3,9008.0,9.49,SG,3203.0,St. Gallen
442,443,8756.0,3,8756.0,6.07,GL,1631.0,Glarus Süd
443,444,4114.0,3,4114.0,67.91,SO,2476.0,Hofstetten-Flüh
444,445,8055.0,3,8055.0,3.82,ZH,261.0,Zürich
445,446,9524.0,3,9524.0,0.77,SG,3423.0,Niederhelfenschwil
446,447,4106.0,3,4106.0,99.2,BL,2775.0,Therwil
447,448,5737.0,3,5737.0,100.0,AG,4139.0,Menziken
448,449,1010.0,3,1010.0,10.0,VD,5586.0,Lausanne
449,450,5432.0,3,5432.0,100.0,AG,4034.0,Neuenhof
450,451,4143.0,3,4143.0,100.0,SO,2473.0,Dornach
451,452,5400.0,3,5400.0,67.01,AG,4021.0,Baden
452,453,3073.0,3,3073.0,0.02,BE,351.0,Bern
453,454,9472.0,3,9472.0,83.64,SG,3273.0,Grabs
454,455,6472.0,3,6472.0,100.0,UR,1206.0,Erstfeld
455,456,3283.0,3,3283.0,0.93,BE,302.0,Bargen (BE)
456,457,4226.0,3,4226.0,100.0,SO,2613.0,Breitenbach
457,458,1618.0,3,1618.0,73.62,FR,2325.0,Châtel-Saint-Denis
458,459,1216.0,3,1216.0,0.07,GE,6623.0,Le Grand-Saconnex
459,460,7165.0,3,7165.0,45.32,GR,3981.0,Breil/Brigels
460,461,6017.0,3,6017.0,75.42,LU,1098.0,Ruswil
461,462,8352.0,3,8352.0,100.0,ZH,219.0,Elsau
462,463,8245.0,3,8245.0,71.31,ZH,27.0,Feuerthalen
463,464,8594.0,3,8594.0,100.0,TG,4656.0,Güttingen
464,465,5605.0,3,5605.0,100.0,AG,4065.0,Dottikon
465,466,9523.0,3,9523.0,28.6,SG,3426.0,Zuzwil (SG)
466,467,5436.0,3,5436.0,99.68,AG,4048.0,Würenlos
467,468,6362.0,3,6362.0,0.67,NW,1506.0,Ennetmoos
468,469,9494.0,3,,,,,
469,470,3812.0,3,3812.0,98.39,BE,594.0,Wilderswil
470,471,4332.0,3,4332.0,100.0,AG,4260.0,Stein (AG)
471,472,8606.0,3,8606.0,100.0,ZH,194.0,Greifensee
472,473,5412.0,3,5412.0,100.0,AG,4029.0,Gebenstorf
473,474,3427.0,3,3427.0,100.0,BE,552.0,Utzenstorf
474,475,1163.0,3,1163.0,100.0,VD,5636.0,Etoy
475,476,8733.0,3,8733.0,39.59,SG,3342.0,Eschenbach (SG)
476,477,7130.0,3,7130.0,27.25,GR,3619.0,Ilanz/Glion
477,478,9534.0,3,9534.0,15.49,SG,3392.0,Kirchberg (SG)
478,479,9430.0,3,9430.0,96.52,SG,3236.0,St. Margrethen
479,480,9475.0,3,9475.0,91.06,SG,3275.0,Sevelen
480,481,6998.0,3,6998.0,100.0,TI,5202.0,Monteggio
481,482,3997.0,2,3997.0,100.0,VS,6052.0,Bellwald
482,483,6026.0,2,6026.0,0.4,LU,1026.0,Eschenbach (LU)
483,484,6287.0,2,6287.0,100.0,LU,1021.0,Aesch (LU)
484,485,9410.0,2,9410.0,99.32,AR,3032.0,Heiden
485,486,5502.0,2,5502.0,100.0,AG,4200.0,Hunzenschwil
486,487,7153.0,2,7153.0,99.33,GR,3572.0,Falera
487,488,6123.0,2,6123.0,15.84,LU,1136.0,Menznau
488,489,3272.0,2,3272.0,100.0,BE,735.0,Epsach
489,490,3360.0,2,3360.0,84.78,BE,979.0,Herzogenbuchsee
490,491,4455.0,2,4455.0,100.0,BL,2869.0,Zunzgen
491,492,5728.0,2,5728.0,98.61,AG,4135.0,Gontenschwil
492,493,5042.0,2,5042.0,100.0,AG,4007.0,Hirschthal
493,494,9056.0,2,9056.0,97.18,AR,3022.0,Gais
494,495,3324.0,2,3324.0,99.31,BE,409.0,Hindelbank
495,496,6830.0,2,6830.0,0.12,TI,5242.0,Balerna
496,497,3604.0,2,3604.0,28.07,BE,942.0,Thun
497,498,69.0,2,,,,,
498,499,6014.0,2,6014.0,11.75,LU,1061.0,Luzern
499,500,9010.0,2,9010.0,6.31,SG,3203.0,St. Gallen
500,501,8590.0,2,8590.0,100.0,TG,4436.0,Romanshorn
501,502,6565.0,2,6565.0,25.0,GR,3822.0,Mesocco
502,503,8360.0,2,8360.0,99.63,TG,4724.0,Eschlikon
503,504,8708.0,2,8708.0,100.0,ZH,155.0,Männedorf
504,505,9444.0,2,9444.0,94.14,SG,3234.0,Diepoldsau
505,506,3856.0,2,3856.0,0.2,BE,573.0,Brienz (BE)
506,507,4054.0,2,4054.0,15.2,BS,2701.0,Basel
507,508,2543.0,2,2543.0,100.0,BE,387.0,Lengnau (BE)
508,509,8775.0,2,8775.0,8.17,GL,1631.0,Glarus Süd
509,510,8112.0,2,8112.0,99.89,ZH,94.0,Otelfingen
510,511,6926.0,2,6926.0,55.42,TI,5236.0,Collina d'Oro
511,512,3778.0,2,3778.0,16.95,BE,843.0,Saanen
512,513,9555.0,2,9555.0,2.15,TG,4711.0,Affeltrangen
513,514,77.0,2,,,,,
514,515,5646.0,2,5646.0,100.0,AG,4221.0,Abtwil
515,516,3634.0,2,3634.0,98.35,BE,941.0,Thierachern
516,517,3362.0,2,3362.0,99.77,BE,982.0,Niederönz
517,518,6670.0,2,6670.0,0.18,TI,5317.0,Maggia
518,519,4055.0,2,4055.0,9.31,BS,2701.0,Basel
519,520,3934.0,2,3934.0,100.0,VS,6299.0,Zeneggen
520,521,4573.0,2,4573.0,0.96,BE,533.0,Bätterkinden
521,522,8462.0,2,8462.0,99.72,ZH,38.0,Rheinau
522,523,6432.0,2,6432.0,0.32,SZ,1361.0,Alpthal
523,524,9104.0,2,9104.0,0.18,AR,3004.0,Schwellbrunn
524,525,5417.0,2,5417.0,84.56,AG,4044.0,Untersiggenthal
525,526,5236.0,2,5236.0,100.0,AG,4110.0,Remigen
526,527,6275.0,2,6275.0,93.07,LU,1023.0,Ballwil
527,528,3852.0,2,3852.0,69.04,BE,590.0,Ringgenberg (BE)
528,529,67.0,2,,,,,
529,530,4950.0,2,4950.0,91.7,BE,954.0,Huttwil
530,531,,2,,,,,
531,532,8913.0,2,8913.0,100.0,ZH,11.0,Ottenbach
532,533,5524.0,2,5524.0,100.0,AG,4072.0,Niederwil (AG)
533,534,6462.0,2,6462.0,100.0,UR,1214.0,Seedorf (UR)
534,535,,2,,,,,
535,536,9465.0,2,9465.0,15.61,SG,3274.0,Sennwald
536,537,7151.0,2,7151.0,100.0,GR,3582.0,Schluein
537,538,6102.0,2,6102.0,93.19,LU,1062.0,Malters
538,539,8197.0,2,8197.0,0.08,ZH,55.0,Eglisau
539,540,8514.0,2,8514.0,6.6,TG,4711.0,Affeltrangen
540,541,8755.0,2,8755.0,0.05,GL,1631.0,Glarus Süd
541,542,4313.0,2,4313.0,100.0,AG,4254.0,Möhlin
542,543,8583.0,2,8583.0,99.49,TG,4506.0,Sulgen
543,544,3550.0,2,3550.0,0.5,BE,901.0,Eggiwil
544,545,8766.0,2,8766.0,6.01,GL,1631.0,Glarus Süd
545,546,4244.0,2,4244.0,100.0,BL,2791.0,Röschenz
546,547,80.0,2,,,,,
547,548,5014.0,2,5014.0,97.96,SO,2576.0,Gretzenbach
548,549,8632.0,2,8632.0,36.49,ZH,113.0,Dürnten
549,550,75.0,2,,,,,
550,551,3922.0,2,3922.0,100.0,VS,6282.0,Eisten
551,552,7013.0,2,7013.0,99.47,GR,3722.0,Domat/Ems
552,553,8967.0,2,8967.0,0.2,AG,4022.0,Bellikon
553,554,8494.0,2,8494.0,0.17,ZH,114.0,Fischenthal
554,555,8806.0,2,8806.0,12.21,SZ,1322.0,Freienbach
555,556,3202.0,2,3202.0,89.23,BE,663.0,Frauenkappelen
556,557,93.0,2,,,,,
557,558,9242.0,2,9242.0,0.19,SG,3405.0,Jonschwil
558,559,8637.0,2,8637.0,17.5,ZH,120.0,Wald (ZH)
559,560,5113.0,2,5113.0,100.0,AG,4199.0,Holderbank (AG)
560,561,6052.0,2,6052.0,0.04,LU,1058.0,Horw
561,562,6512.0,2,6512.0,15.7,TI,5002.0,Bellinzona
562,563,9552.0,2,9552.0,18.41,SG,3427.0,Wil (SG)
563,564,6264.0,2,6264.0,67.42,LU,1139.0,Pfaffnau
564,565,5102.0,2,5102.0,99.04,AG,4206.0,Rupperswil
565,566,79.0,2,,,,,
566,567,4222.0,2,4222.0,99.83,BL,2793.0,Zwingen
567,568,8703.0,2,8703.0,100.0,ZH,151.0,Erlenbach (ZH)
568,569,8156.0,2,8156.0,35.18,ZH,90.0,Niederhasli
569,570,8810.0,2,8810.0,72.94,ZH,295.0,Horgen
570,571,4145.0,2,4145.0,100.0,SO,2474.0,Gempen
571,572,2074.0,2,2074.0,74.86,NE,6461.0,La Tène
572,573,4125.0,2,4125.0,99.97,BS,2703.0,Riehen
573,574,3818.0,2,3818.0,96.33,BE,576.0,Grindelwald
574,575,4652.0,2,4652.0,99.81,SO,2501.0,Winznau
575,576,1669.0,2,1669.0,100.0,FR,2121.0,Haut-Intyamon
576,577,9322.0,2,9322.0,38.99,TG,4411.0,Egnach
577,578,1625.0,2,1625.0,65.03,FR,2152.0,Sâles
578,579,1636.0,2,1636.0,99.81,FR,2124.0,Broc
579,580,4203.0,2,4203.0,100.0,BL,2786.0,Grellingen
580,581,1868.0,2,1868.0,50.79,VS,6152.0,Collombey-Muraz
581,582,1632.0,2,1632.0,99.58,FR,2148.0,Riaz
582,583,8501.0,2,,,,,
583,584,1637.0,2,1637.0,81.59,FR,2163.0,Val-de-Charmey
584,585,9469.0,2,9469.0,0.12,SG,3271.0,Buchs (SG)
585,586,2605.0,2,2605.0,96.64,BE,444.0,Sonceboz-Sombeval
586,587,1690.0,2,1690.0,100.0,FR,2111.0,Villaz-Saint-Pierre
587,588,1025.0,2,1025.0,99.86,VD,5648.0,Saint-Sulpice (VD)
588,589,1224.0,2,1224.0,67.25,GE,6612.0,Chêne-Bougeries
589,590,5442.0,2,5442.0,99.91,AG,4027.0,Fislisbach
590,591,2087.0,2,2087.0,96.82,NE,6451.0,Cornaux
591,592,1643.0,2,1643.0,44.9,FR,2122.0,Pont-en-Ogoz
592,593,4419.0,2,4419.0,100.0,BL,2830.0,Lupsingen
593,594,1292.0,2,1292.0,0.11,GE,6621.0,Genève
594,595,1712.0,2,1712.0,10.91,FR,2291.0,Alterswil
595,596,3717.0,2,3717.0,25.24,BE,564.0,Kandergrund
596,597,4587.0,2,4587.0,9.71,SO,2465.0,Buchegg
597,598,9473.0,2,9473.0,99.07,SG,3272.0,Gams
598,599,1237.0,2,1237.0,100.0,GE,6603.0,Avully
599,600,1562.0,2,1562.0,0.14,FR,2029.0,Montagny (FR)
600,601,1753.0,2,1753.0,1.54,FR,2183.0,Corminboeuf
601,602,6045.0,2,6045.0,99.65,LU,1063.0,Meggen
602,603,4124.0,2,4124.0,100.0,BL,2774.0,Schönenbuch
603,604,2608.0,2,2608.0,0.78,BE,431.0,Corgémont
604,605,3462.0,2,3462.0,28.94,BE,951.0,Affoltern im Emmental
605,606,9305.0,2,9305.0,93.17,SG,3211.0,Berg (SG)
606,607,1288.0,2,1288.0,100.0,GE,6601.0,Aire-la-Ville
607,608,7512.0,2,7512.0,5.54,GR,3787.0,St. Moritz
608,609,8117.0,2,8117.0,50.13,ZH,193.0,Fällanden
609,610,8580.0,2,8580.0,0.51,SG,3202.0,Muolen
610,611,8877.0,2,8877.0,18.85,SG,3295.0,Quarten
611,612,1482.0,2,1482.0,76.69,FR,2011.0,Cugy (FR)
612,613,2606.0,2,2606.0,90.41,BE,431.0,Corgémont
613,614,2830.0,2,2830.0,85.76,JU,6708.0,Courrendlin
614,615,1018.0,2,1018.0,9.99,VD,5586.0,Lausanne
615,616,4103.0,2,4103.0,99.51,BL,2767.0,Bottmingen
616,617,9436.0,2,9436.0,86.87,SG,3232.0,Balgach
617,618,4565.0,2,4565.0,100.0,SO,2530.0,Recherswil
618,619,3004.0,2,3004.0,3.14,BE,351.0,Bern
619,620,2022.0,2,2022.0,0.2,NE,6408.0,Cortaillod
620,621,7545.0,2,7545.0,6.21,GR,3762.0,Scuol
621,622,4532.0,2,4532.0,100.0,SO,2544.0,Feldbrunnen-St. Niklaus
622,623,4533.0,2,4533.0,81.08,SO,2554.0,Riedholz
623,624,9425.0,2,9425.0,1.99,AR,3038.0,Wolfhalden
624,625,4934.0,2,4934.0,65.06,BE,332.0,Madiswil
625,626,4208.0,2,4208.0,99.72,SO,2621.0,Nunningen
626,627,4207.0,2,4207.0,100.0,BL,2883.0,Bretzwil
627,628,3963.0,2,3963.0,29.48,VS,6239.0,Icogne
628,629,7083.0,2,7083.0,100.0,GR,3513.0,Lantsch/Lenz
629,630,1804.0,2,1804.0,45.19,VD,5884.0,Corsier-sur-Vevey
630,631,1258.0,2,1258.0,2.07,GE,6605.0,Bardonnex
631,632,1580.0,2,1580.0,0.87,FR,2053.0,Belmont-Broye
632,633,4657.0,2,4657.0,98.94,SO,2573.0,Dulliken
633,634,2034.0,2,2034.0,100.0,NE,6412.0,Peseux
634,635,1720.0,2,1720.0,0.15,FR,2175.0,Belfaux
635,636,4571.0,2,4571.0,99.66,SO,2455.0,Lüterkofen-Ichertswil
636,637,4402.0,2,4402.0,99.5,BL,2824.0,Frenkendorf
637,638,4658.0,2,4658.0,100.0,SO,2572.0,Däniken
638,639,1615.0,2,1615.0,100.0,FR,2323.0,Bossonnens
639,640,6064.0,2,6064.0,77.54,OW,1404.0,Kerns
640,641,4577.0,2,4577.0,10.57,SO,2465.0,Buchegg
641,642,1656.0,2,1656.0,99.05,FR,2138.0,Jaun
642,643,1211.0,2,,,,,
643,644,6039.0,2,6039.0,1.99,LU,1065.0,Root
644,645,4247.0,2,4247.0,100.0,SO,2617.0,Grindel
645,646,4225.0,2,4225.0,97.61,BL,2782.0,Brislach
646,647,7554.0,2,7554.0,26.15,GR,3762.0,Scuol
647,648,5013.0,2,5013.0,100.0,SO,2495.0,Niedergösgen
648,649,4107.0,2,4107.0,100.0,BL,2768.0,Ettingen
649,650,9315.0,2,9315.0,0.27,SG,3201.0,Häggenschwil
650,651,3005.0,2,3005.0,5.22,BE,351.0,Bern
651,652,1424.0,2,1424.0,100.0,VD,5553.0,Champagne
652,653,8268.0,2,8268.0,66.37,TG,4851.0,Salenstein
653,654,2053.0,2,2053.0,10.58,NE,6487.0,Val-de-Ruz
654,655,1847.0,2,1847.0,100.0,VD,5412.0,Rennaz
655,656,3074.0,2,3074.0,51.07,BE,356.0,Muri bei Bern
656,657,3803.0,2,3803.0,90.99,BE,571.0,Beatenberg
657,658,6133.0,2,6133.0,92.32,LU,1132.0,Hergiswil bei Willisau
658,659,3178.0,2,3178.0,99.15,FR,2295.0,Bösingen
659,660,2518.0,2,2518.0,96.98,BE,724.0,Nods
660,661,2105.0,2,2105.0,0.57,NE,6437.0,Les Ponts-de-Martel
661,662,4563.0,2,4563.0,100.0,SO,2519.0,Gerlafingen
662,663,6170.0,2,6170.0,0.16,LU,1004.0,Flühli
663,664,3297.0,2,3297.0,100.0,BE,388.0,Leuzigen
664,665,4656.0,2,4656.0,98.5,SO,2584.0,Starrkirch-Wil
665,666,1616.0,2,1616.0,80.29,FR,2321.0,Attalens
666,667,3175.0,2,3175.0,33.93,FR,2309.0,Wünnewil-Flamatt
667,668,1261.0,2,1261.0,100.0,VD,5429.0,Longirod
668,669,7220.0,2,7220.0,69.2,GR,3962.0,Schiers
669,670,7432.0,2,7432.0,100.0,GR,3712.0,Zillis-Reischen
670,671,7440.0,2,7440.0,76.4,GR,3701.0,Andeer
671,672,8405.0,2,8405.0,1.16,ZH,226.0,Schlatt (ZH)
672,673,8635.0,2,8635.0,62.97,ZH,113.0,Dürnten
673,674,4126.0,2,4126.0,100.0,BS,2702.0,Bettingen
674,675,7482.0,2,7482.0,50.0,GR,3544.0,Bergün Filisur
675,676,7530.0,2,7530.0,54.92,GR,3746.0,Zernez
676,677,4414.0,2,4414.0,100.0,BL,2825.0,Füllinsdorf
677,678,8444.0,2,8444.0,100.0,ZH,31.0,Henggart
678,679,8868.0,2,8868.0,7.94,GL,1630.0,Glarus Nord
679,680,8308.0,2,8308.0,0.76,ZH,172.0,Fehraltorf
680,681,8000.0,2,,,,,
681,682,8332.0,2,8332.0,74.23,ZH,178.0,Russikon
682,683,7246.0,2,7246.0,25.05,GR,3891.0,Luzein
683,684,8422.0,2,8422.0,100.0,ZH,224.0,Pfungen
684,685,3032.0,2,3032.0,0.39,BE,351.0,Bern
685,686,3702.0,2,3702.0,0.27,BE,562.0,Aeschi bei Spiez
686,687,6372.0,2,6372.0,99.33,NW,1506.0,Ennetmoos
687,688,6376.0,2,6376.0,2.49,NW,1501.0,Beckenried
688,689,4438.0,2,4438.0,0.38,SO,2425.0,Holderbank (SO)
689,690,4922.0,2,4922.0,0.87,BE,321.0,Aarwangen
690,691,3043.0,2,3043.0,19.6,BE,360.0,Wohlen bei Bern
691,692,8032.0,2,8032.0,5.92,ZH,261.0,Zürich
692,693,9533.0,2,9533.0,43.23,SG,3392.0,Kirchberg (SG)
693,694,3127.0,2,3127.0,100.0,BE,874.0,Lohnstorf
694,695,4434.0,2,4434.0,0.23,BL,2882.0,Bennwil
695,696,8320.0,2,8320.0,99.24,ZH,172.0,Fehraltorf
696,697,6260.0,2,6260.0,0.15,LU,1125.0,Dagmersellen
697,698,6410.0,2,6410.0,6.93,SZ,1311.0,Gersau
698,699,3052.0,2,3052.0,100.0,BE,361.0,Zollikofen
699,700,6233.0,2,6233.0,100.0,LU,1082.0,Büron
700,701,8051.0,2,8051.0,0.23,ZH,191.0,Dübendorf
701,702,9477.0,2,9477.0,21.5,SG,3276.0,Wartau
702,703,2775.0,2,,,,,
703,704,8049.0,2,8049.0,6.1,ZH,261.0,Zürich
704,705,4830.0,2,,,,,
705,706,8488.0,2,8488.0,0.51,ZH,182.0,Wildberg
706,707,1854.0,2,1854.0,100.0,VD,5407.0,Leysin
707,708,8623.0,2,8623.0,32.41,ZH,121.0,Wetzikon (ZH)
708,709,9604.0,2,9604.0,82.2,SG,3393.0,Lütisburg
709,710,8573.0,2,8573.0,34.28,TG,4666.0,Kemmental
710,711,7232.0,2,7232.0,100.0,GR,3862.0,Furna
711,712,7744.0,2,7744.0,12.81,GR,3551.0,Brusio
712,713,7189.0,2,7189.0,29.86,GR,3986.0,Tujetsch
713,714,7527.0,2,7527.0,10.62,GR,3746.0,Zernez
714,715,7532.0,2,7532.0,12.0,GR,3847.0,Val Müstair
715,716,8852.0,2,8852.0,99.93,SZ,1341.0,Altendorf
716,717,7743.0,2,7743.0,48.75,GR,3551.0,Brusio
717,718,8804.0,2,8804.0,18.96,ZH,293.0,Wädenswil
718,719,2544.0,2,2544.0,100.0,SO,2543.0,Bettlach
719,720,1958.0,2,1958.0,0.32,VS,6082.0,Ayent
720,721,8607.0,2,8607.0,100.0,ZH,119.0,Seegräben
721,722,7502.0,2,7502.0,100.0,GR,3781.0,Bever
722,723,8307.0,2,8307.0,0.03,ZH,199.0,Volketswil
723,724,7166.0,2,7166.0,77.56,GR,3987.0,Trun
724,725,2545.0,2,2545.0,99.9,SO,2556.0,Selzach
725,726,8603.0,2,8603.0,0.03,ZH,191.0,Dübendorf
726,727,7523.0,2,7523.0,100.0,GR,3783.0,Madulain
727,728,6000.0,2,6000.0,0.01,LU,1061.0,Luzern
728,729,7741.0,2,7741.0,16.6,GR,3561.0,Poschiavo
729,730,4432.0,2,4432.0,100.0,BL,2887.0,Lampenberg
730,731,1026.0,1,1026.0,100.0,VD,5632.0,Denges
731,732,5452.0,1,5452.0,100.0,AG,4037.0,Oberrohrdorf
732,733,3436.0,1,3436.0,54.71,BE,903.0,Lauperswil
733,734,2126.0,1,2126.0,98.85,NE,6511.0,Les Verrières
734,735,1418.0,1,1418.0,100.0,VD,5539.0,Vuarrens
735,736,4460.0,1,4460.0,99.15,BL,2846.0,Gelterkinden
736,737,6929.0,1,6929.0,100.0,TI,5187.0,Gravesano
737,738,6110.0,1,6110.0,0.45,LU,1001.0,Doppleschwand
738,739,8618.0,1,8618.0,100.0,ZH,157.0,Oetwil am See
739,740,6247.0,1,6247.0,1.94,LU,1126.0,Ebersecken
740,741,9246.0,1,9246.0,97.67,SG,3422.0,Niederbüren
741,742,5512.0,1,5512.0,99.15,AG,4046.0,Wohlenschwil
742,743,1510.0,1,1510.0,100.0,VD,5678.0,Moudon
743,744,5603.0,1,5603.0,100.0,AG,4210.0,Staufen
744,745,3122.0,1,3122.0,0.01,BE,355.0,Köniz
745,746,3982.0,1,3982.0,0.79,VS,6010.0,Termen
746,747,6592.0,1,6592.0,0.4,TI,5002.0,Bellinzona
747,748,3512.0,1,3512.0,64.35,BE,626.0,Walkringen
748,749,8409.0,1,8409.0,3.05,ZH,230.0,Winterthur
749,750,2732.0,1,2732.0,3.07,BE,450.0,Péry-La Heutte
750,751,8475.0,1,8475.0,99.63,ZH,37.0,Ossingen
751,752,3925.0,1,3925.0,100.0,VS,6285.0,Grächen
752,753,5072.0,1,5072.0,100.0,AG,4175.0,Oeschgen
753,754,2505.0,1,2505.0,2.76,BE,371.0,Biel/Bienne
754,755,6083.0,1,6083.0,27.93,BE,783.0,Hasliberg
755,756,,1,,,,,
756,757,7056.0,1,7056.0,4.13,GR,3921.0,Arosa
757,758,1522.0,1,1522.0,72.72,VD,5675.0,Lucens
758,759,3270.0,1,3270.0,99.35,BE,301.0,Aarberg
759,760,9244.0,1,9244.0,0.19,SG,3407.0,Oberuzwil
760,761,2575.0,1,2575.0,0.37,BE,497.0,Lüscherz
761,762,6964.0,1,6964.0,4.3,TI,5192.0,Lugano
762,763,8866.0,1,8866.0,1.6,GL,1630.0,Glarus Nord
763,764,6314.0,1,6314.0,0.25,ZG,1701.0,Baar
764,765,3434.0,1,3434.0,99.55,BE,613.0,Landiswil
765,766,3184.0,1,3184.0,0.12,FR,2295.0,Bösingen
766,767,8046.0,1,8046.0,5.19,ZH,261.0,Zürich
767,768,7077.0,1,7077.0,32.14,GR,3506.0,Vaz/Obervaz
768,769,1442.0,1,1442.0,100.0,VD,5922.0,Montagny-près-Yverdon
769,770,8954.0,1,8954.0,87.2,ZH,244.0,Geroldswil
770,771,3814.0,1,3814.0,99.18,BE,577.0,Gsteigwiler
771,772,1225.0,1,1225.0,100.0,GE,6613.0,Chêne-Bourg
772,773,8555.0,1,8555.0,100.0,TG,4831.0,Müllheim
773,774,6274.0,1,6274.0,3.38,LU,1023.0,Ballwil
774,775,2557.0,1,2557.0,0.04,BE,306.0,Lyss
775,776,3455.0,1,3455.0,10.22,BE,957.0,Sumiswald
776,777,5210.0,1,5210.0,0.06,AG,4095.0,Brugg
777,778,1197.0,1,1197.0,99.48,VD,5725.0,Prangins
778,779,3954.0,1,3954.0,100.0,VS,6111.0,Leukerbad
779,780,2800.0,1,2800.0,0.1,JU,6708.0,Courrendlin
780,781,6182.0,1,6182.0,48.02,LU,1010.0,Escholzmatt-Marbach
781,782,1031.0,1,1031.0,100.0,VD,5489.0,Mex (VD)
782,783,3945.0,1,3945.0,1.89,VS,6110.0,Leuk
783,784,6344.0,1,6344.0,100.0,LU,1064.0,Meierskappel
784,785,3380.0,1,3380.0,100.0,BE,990.0,Walliswil bei Niederbipp
785,786,,1,,,,,
786,787,4461.0,1,4461.0,99.76,BL,2842.0,Böckten
787,788,8045.0,1,8045.0,3.08,ZH,261.0,Zürich
788,789,5332.0,1,5332.0,100.0,AG,4315.0,Rekingen (AG)
789,790,8104.0,1,8104.0,79.41,ZH,251.0,Weiningen (ZH)
790,791,5064.0,1,5064.0,100.0,AG,4181.0,Wittnau
791,792,1009.0,1,1009.0,97.91,VD,5590.0,Pully
792,793,8608.0,1,8608.0,47.98,ZH,112.0,Bubikon
793,794,4936.0,1,4936.0,16.77,BE,332.0,Madiswil
794,795,8467.0,1,8467.0,100.0,ZH,41.0,Truttikon
795,796,3508.0,1,3508.0,86.62,BE,602.0,Arni (BE)
796,797,3065.0,1,3065.0,95.67,BE,352.0,Bolligen
797,798,8842.0,1,8842.0,14.0,SZ,1368.0,Oberiberg
798,799,7413.0,1,7413.0,47.46,GR,3633.0,Fürstenau
799,800,3068.0,1,3068.0,35.95,BE,359.0,Vechigen
800,801,5623.0,1,5623.0,98.01,AG,4228.0,Boswil
801,802,3254.0,1,3254.0,2.29,BE,310.0,Rapperswil (BE)
802,803,8213.0,1,8213.0,99.46,SH,2904.0,Neunkirch
803,804,5330.0,1,5330.0,100.0,AG,4323.0,Bad Zurzach
804,805,6022.0,1,6022.0,0.25,LU,1083.0,Buttisholz
805,806,3966.0,1,3966.0,54.98,VS,6232.0,Chalais
806,807,5303.0,1,5303.0,100.0,AG,4047.0,Würenlingen
807,808,6016.0,1,6016.0,0.3,LU,1061.0,Luzern
808,809,8317.0,1,8317.0,30.75,ZH,176.0,Lindau
809,810,9423.0,1,9423.0,16.17,SG,3237.0,Thal
810,811,1921.0,1,1921.0,70.84,VS,6137.0,Martigny-Combe
811,812,7710.0,1,7710.0,0.59,GR,3561.0,Poschiavo
812,813,7457.0,1,7457.0,9.08,GR,3543.0,Surses
813,814,1660.0,1,1660.0,97.51,VD,5841.0,Château-d'Oex
814,815,1884.0,1,1884.0,28.56,VD,5409.0,Ollon
815,816,1789.0,1,1789.0,27.58,FR,2284.0,Mont-Vully
816,817,1254.0,1,1254.0,3.45,GE,6624.0,Gy
817,818,8496.0,1,8496.0,44.77,ZH,114.0,Fischenthal
818,819,3752.0,1,3752.0,99.73,BE,769.0,Wimmis
819,820,1788.0,1,1788.0,10.84,FR,2284.0,Mont-Vully
820,821,6122.0,1,6122.0,0.11,LU,1107.0,Wolhusen
821,822,8717.0,1,8717.0,99.78,SG,3312.0,Benken (SG)
822,823,8154.0,1,8154.0,100.0,ZH,92.0,Oberglatt
823,824,,1,,,,,
824,825,5953.0,1,,,,,
825,826,8526.0,1,8526.0,52.68,TG,4601.0,Neunforn
826,827,8127.0,1,8127.0,9.46,ZH,154.0,Küsnacht (ZH)
827,828,3298.0,1,3298.0,100.0,BE,391.0,Oberwil bei Büren
828,829,3126.0,1,3126.0,100.0,BE,869.0,Kaufdorf
829,830,3465.0,1,3465.0,84.26,BE,952.0,Dürrenroth
830,831,4310.0,1,4310.0,98.5,AG,4258.0,Rheinfelden
831,832,8452.0,1,8452.0,100.0,ZH,21.0,Adlikon
832,833,6222.0,1,6222.0,26.92,LU,1081.0,Beromünster
833,834,7563.0,1,7563.0,37.42,GR,3752.0,Samnaun
834,835,1093.0,1,1093.0,25.95,VD,5606.0,Lutry
835,836,8964.0,1,8964.0,0.11,AG,4062.0,Berikon
836,837,7546.0,1,7546.0,14.69,GR,3762.0,Scuol
837,838,6285.0,1,6285.0,43.45,LU,1030.0,Hitzkirch
838,839,6434.0,1,6434.0,100.0,SZ,1363.0,Illgau
839,840,1123.0,1,1123.0,100.0,VD,5621.0,Aclens
840,841,6055.0,1,6055.0,81.37,OW,1401.0,Alpnach
841,842,8192.0,1,8192.0,99.83,ZH,58.0,Glattfelden
842,843,9240.0,1,9240.0,7.67,SG,3407.0,Oberuzwil
843,844,60200.0,1,,,,,
844,845,7533.0,1,7533.0,8.13,GR,3847.0,Val Müstair
845,846,1670.0,1,1670.0,52.79,FR,2102.0,Ursy
846,847,1452.0,1,1452.0,32.11,VD,5552.0,Bullet
847,848,9536.0,1,9536.0,49.91,SG,3405.0,Jonschwil
848,849,2746.0,1,2746.0,91.83,BE,691.0,Crémines
849,850,5304.0,1,5304.0,84.43,AG,4305.0,Endingen
850,851,3177.0,1,3177.0,1.43,BE,662.0,Ferenbalm
851,852,7206.0,1,7206.0,40.38,GR,3955.0,Landquart
852,853,5405.0,1,5405.0,16.96,AG,4021.0,Baden
853,854,6078.0,1,6078.0,100.0,OW,1405.0,Lungern
